Username,Tag,DateTime
ff,customer,2026-09-21 08:53:41
admin1,admin,2026-09-21 08:53:58
admin1,admin,2026-09-21 08:55:01
admin1,admin,2026-09-21 09:38:28
admin1,admin,2026-09-21 09:39:15
admin1,admin,2026-09-21 09:49:45
admin1,admin,2026-09-21 09:57:18
admin1,admin,2026-09-22 04:55:41
hh,customer,2026-09-22 19:07:23
hh,customer,2026-09-22 19:11:46
admin1,admin,2026-09-22 19:12:22
admin1,admin,2026-09-22 22:19:28
aa,customer,2026-09-22 22:21:28
admin1,admin,2026-09-22 22:21:56
admin1,admin,2026-09-23 04:31:04
admin1,admin,2026-09-23 04:34:00
admin1,admin,2026-09-23 04:45:24
admin1,admin,2026-09-23 05:01:25
admin1,admin,2026-09-23 05:03:28
admin1,admin,2026-09-23 05:08:20
admin1,admin,2026-09-23 05:12:12
admin1,admin,2026-09-23 05:19:07
admin1,admin,2026-09-23 05:25:35
admin1,admin,2026-09-23 05:30:51
admin1,admin,2026-09-23 16:34:35
admin1,admin,2026-09-23 16:39:57
admin1,admin,2026-09-23 17:04:18
root,admin,2026-09-23 17:06:38
root,admin,2026-09-23 17:07:18
root,admin,2026-09-23 17:10:17
root,admin,2026-09-23 17:11:12
root,admin,2026-09-23 17:11:51
root,admin,2026-09-23 17:12:25
root,admin,2026-09-23 17:13:29
root,admin,2026-09-23 17:15:04
root,admin,2026-09-23 17:20:40
root,admin,2026-09-23 17:21:40
root,admin,2026-09-23 17:22:38
root,admin,2026-09-23 17:24:19
root,admin,2026-09-23 17:25:30
root,admin,2026-09-23 17:26:02
root,admin,2026-09-23 17:26:50
root,admin,2026-09-23 17:27:46
root,admin,2026-09-23 18:10:26
root,admin,2026-09-23 18:17:18
staff1,staff,2026-09-23 18:25:13
staff1,staff,2026-09-23 18:30:10
root,admin,2026-09-23 23:54:06
staff1,staff,2026-09-23 23:54:28
root,admin,2026-09-23 23:57:29
staff1,staff,2026-09-24 00:30:21
staff1,staff,2026-09-24 04:27:45
staff1,staff,2026-09-24 04:47:00
fff,customer,2026-09-24 04:50:45
staff1,staff,2026-09-24 04:53:07
staff1,staff,2026-09-24 04:59:45
root,admin,2026-09-24 05:01:10
fff,customer,2026-09-25 23:50:38
fff,customer,2026-09-25 23:51:25
fff,customer,2026-09-25 23:52:31
fff,customer,2026-09-26 00:00:36
admin1,admin,2026-09-26 00:01:04
fff,customer,2026-09-26 00:01:24
